rel_pos_x,rel_pos_y,theta,error,time
-4.0,-6.0,-2.5535900500422257,0.0,0.0
-4.0,-5.0,-2.4668517113662407,0.0,0.1037745000000001
-2.0,-5.0,-2.761086276477428,0.0,0.11182000000000025
-1.0,-4.0,-2.896613990462929,0.0,0.11960440000000006
0.0,-3.0,3.141592653589793,0.0,0.1280112
1.0,-2.0,2.677945044588987,0.0,0.13764719999999997
3.0,-1.0,1.892546881191539,0.0,0.14624760000000014
5.0,0.0,1.5707963267948966,0.0,0.15590219999999988
6.0,1.0,1.4056476493802699,7.280109889280518,0.16738549999999996
7.0,1.0,1.4288992721907328,5.0990195135927845,0.18333540000000026
8.0,1.0,1.446441332248135,0.0,0.19204569999999999
8.0,2.0,1.3258176636680326,3.605551275463989,0.2014406000000002
9.0,2.0,1.3521273809209546,0.0,0.21616020000000002
9.0,3.0,1.2490457723982544,1.4142135623730951,0.22440419999999994
10.0,4.0,1.1902899496825317,0.0,0.23247760000000017
11.0,5.0,1.1441688336680205,1.4142135623730951,0.2553337
12.0,5.0,1.176005207095135,0.0,0.2645595000000003
13.0,7.0,1.0768549578753155,1.4142135623730951,0.2871128999999999
14.0,8.0,1.0516502125483738,0.0,0.3116652000000002
14.0,9.0,0.9994588469612699,0.0,0.3240894999999999
15.0,10.0,0.982793723247329,1.4142135623730951,0.3361206000000001
15.0,11.0,0.9380474917927135,0.0,0.3477710000000003
16.0,13.0,0.8884797719201485,1.4142135623730951,0.35751960000000027
16.0,14.0,0.8519663271732721,0.0,0.3692036000000001
16.0,16.0,0.7853981633974483,0.0,0.3844539
17.0,17.0,0.7853981633974483,0.0,0.3994002000000001
17.0,18.0,0.7568345055586884,0.0,0.4160299000000003
17.0,19.0,0.7298996581517315,0.0,0.4262356999999999
17.0,20.0,0.7044940642422177,0.0,0.43564369999999997
17.0,21.0,0.6805212246672144,0.0,0.44748620000000017
17.0,23.0,0.636508215787951,0.0,0.4637005000000003
17.0,24.0,0.6162969373960713,1.0,0.4797391000000002
16.0,25.0,0.5693131911006619,0.0,0.4951984999999999
16.0,26.0,0.5516549825285468,0.0,0.5114026000000003
15.0,27.0,0.507098504392337,1.4142135623730951,0.5200003
15.0,28.0,0.49180917598869855,0.0,0.5324230000000001
14.0,29.0,0.449759613069839,0.0,0.5434931999999999
14.0,30.0,0.43662715981354133,0.0,0.5536620000000001
14.0,31.0,0.4241944079037666,1.0,0.5773117999999999
13.0,31.0,0.3970794452249823,0.0,0.5878595
13.0,32.0,0.38588266939807375,0.0,0.5998483000000001
11.0,35.0,0.3045108832021125,1.4142135623730951,0.6111070000000001
10.0,36.0,0.27094685033842053,0.0,0.6252614000000003
9.0,36.0,0.24497866312686414,4.0,0.6350163000000002
8.0,38.0,0.20749622643520266,0.0,0.6950950000000002
7.0,38.0,0.18216831047276347,0.0,0.7038345000000001
5.0,40.0,0.12435499454676144,3.1622776601683795,0.7118196000000001
4.0,40.0,0.09966865249116202,0.0,0.7203412
4.0,41.0,0.09725319825156577,0.0,0.735493
3.0,41.0,0.07304056530311932,0.0,0.7459522000000005
3.0,42.0,0.07130746478529032,0.0,0.7608414000000003
2.0,42.0,0.047583103276983396,5.0,0.7694485000000002
1.0,42.0,0.023805026185069942,0.0,0.7835026999999997
1.0,43.0,0.023251622810462915,0.0,0.7926184999999997
0.0,43.0,0.0,0.0,0.8071178000000003
-1.0,44.0,-0.022723360841641064,0.0,0.8312803999999998
-2.0,44.0,-0.04542327942157701,6.082762530298219,0.8479405
-2.0,45.0,-0.04441521524691083,0.0,0.8568240999999999
-3.0,45.0,-0.06656816377582381,0.0,0.8651651999999999
-3.0,46.0,-0.06512516333438588,0.0,0.8733016999999998
-5.0,47.0,-0.10598435798959989,0.0,0.8817937000000002
-6.0,48.0,-0.12435499454676144,4.123105625617661,0.8912288999999998
-7.0,49.0,-0.14189705460416394,0.0,0.9009353999999998
-9.0,50.0,-0.17809293823119754,0.0,0.9103478999999997
-10.0,51.0,-0.1936219928559454,0.0,0.9205072000000003
-10.0,52.0,-0.18998828791871572,0.0,0.9308750000000003
-11.0,52.0,-0.20846521837998772,2.8284271247461903,0.9402910000000002
-13.0,53.0,-0.2405342479459046,0.0,0.9525487000000004
-13.0,53.0,-0.2405342479459046,0.0,0.9619248000000002
-15.0,54.0,-0.27094685033842053,0.0,0.9744181000000003
-17.0,56.0,-0.2947301052093774,0.0,0.9854685000000005
-19.0,56.0,-0.32709809700579284,0.0,0.9966749999999998
-20.0,57.0,-0.33745606922778154,0.0,1.0076527999999998
-21.0,58.0,-0.3473859629183197,0.0,1.0206333
-22.0,58.0,-0.3625442372645076,0.0,1.0341415999999999
-24.0,58.0,-0.3923401442155158,1.4142135623730951,1.0450426999999998
-25.0,59.0,-0.4007934485752348,0.0,1.0548644000000005
-27.0,60.0,-0.4228539261329407,0.0,1.0652318999999997
-30.0,60.0,-0.4636476090008061,0.0,1.0756512000000003
-32.0,60.0,-0.4899573262537283,3.1622776601683795,1.084416
-33.0,61.0,-0.49589449143606,0.0,1.0949602
-34.0,62.0,-0.5016040541891205,0.0,1.1048347000000005
-38.0,62.0,-0.549853182676585,0.0,1.1155822000000004
-39.0,62.0,-0.5614936632670988,0.0,1.1255655000000004
-40.0,62.0,-0.5729661428887062,6.324555320336759,1.1364783000000003
-42.0,62.0,-0.5954098754787326,0.0,1.1467323
-43.0,62.0,-0.6063828863759626,0.0,1.1582419000000002
-44.0,62.0,-0.6171913915403622,0.0,1.1683412999999998
-45.0,62.0,-0.6278365938117894,0.0,1.1801009000000002
-47.0,62.0,-0.6486424516665438,0.0,1.1915354000000002
-51.0,62.0,-0.6883587774154488,9.219544457292887,1.2034401
-52.0,62.0,-0.697902822595057,0.0,1.2154306000000004
-57.0,62.0,-0.7434060561760788,0.0,1.2285646000000003
-61.0,61.0,-0.7853981633974483,12.806248474865697,1.2406638
-62.0,60.0,-0.8017901377054536,0.0,1.2500983999999997
-64.0,60.0,-0.8176450458327023,0.0,1.2588172000000002
-66.0,60.0,-0.8329812666744317,0.0,1.2670719000000004
-67.0,59.0,-0.8488051153642803,12.727922061357855,1.2754792999999998
-68.0,58.0,-0.8645972343668998,0.0,1.2837367000000004
-69.0,58.0,-0.8717967127558954,0.0,1.2916546000000002
-70.0,58.0,-0.8788749445560378,0.0,1.3029596000000003
-70.0,57.0,-0.8874050813075604,0.0,1.3118385000000004
-72.0,57.0,-0.901157381118259,0.0,1.3206243999999998
-73.0,57.0,-0.9078592208147898,0.0,1.3353788
-74.0,56.0,-0.9229848998677982,0.0,1.3452694000000003
-75.0,55.0,-0.9380474917927135,12.806248474865697,1.3539563000000001
-77.0,55.0,-0.9505468408120752,0.0,1.3653250999999997
-79.0,54.0,-0.9712000398258789,0.0,1.3733933
-80.0,53.0,-0.9856838886104693,0.0,1.3839056000000003
-82.0,52.0,-1.0056468867881372,0.0,1.3926169000000002
-83.0,51.0,-1.019813839121259,15.0,1.4007657
-85.0,51.0,-1.0303768265243125,0.0,1.4111709000000001
-86.0,50.0,-1.044169055361146,0.0,1.4198914
-87.0,49.0,-1.05786131280124,0.0,1.4301475999999997
-89.0,48.0,-1.0761851656111094,0.0,1.4396871000000004
-91.0,47.0,-1.0940490304743133,0.0,1.4496574999999998
-92.0,46.0,-1.1071487177940904,17.4928556845359,1.4555648999999997
-93.0,45.0,-1.120135000714263,0.0,1.4634472
-94.0,44.0,-1.1330050231533502,0.0,1.47152
-95.0,44.0,-1.1370543292008537,0.0,1.4796880999999997
-96.0,43.0,-1.1496762524138746,0.0,1.4877666000000005
-97.0,41.0,-1.1708920303267776,0.0,1.4954659000000001
-99.0,41.0,-1.1781588290347698,0.0,1.5033494000000003
-99.0,40.0,-1.1868117028398777,0.0,1.5120883999999997
-101.0,40.0,-1.1937087397815234,19.697715603592208,1.5200510000000005
-101.0,39.0,-1.2022962338073422,0.0,1.5291877000000005
-102.0,38.0,-1.2141761908434647,0.0,1.5371943000000003
-102.0,37.0,-1.222812724623063,0.0,1.5460156000000005
-104.0,36.0,-1.237552025683224,0.0,1.5567428000000003
-105.0,34.0,-1.2576415492242052,0.0,1.5668476
-106.0,33.0,-1.2689861490325134,0.0,1.5791412999999999
-107.0,31.0,-1.2887975477941025,19.924858845171276,1.5895710000000003
-109.0,29.0,-1.3107650372127646,0.0,1.602665
-110.0,27.0,-1.3301002927316525,0.0,1.6157502
-111.0,26.0,-1.3407101796026626,0.0,1.6267890000000005
-112.0,24.0,-1.35970299357215,0.0,1.6394387000000004
-114.0,21.0,-1.3886280163221332,21.213203435596427,1.6502496999999998
-114.0,18.0,-1.4141944498128813,0.0,1.6616350999999998
-116.0,16.0,-1.433730152484709,0.0,1.6700080000000002
-118.0,9.0,-1.4946725235743694,21.02379604162864,1.6804230000000002
-120.0,5.0,-1.5291537476963082,0.0,1.6903132000000003
-121.0,2.0,-1.5542689061921757,21.0,1.701504
-122.0,-1.0,-1.5789928645448092,0.0,1.7113252
-124.0,-9.0,-1.6432499228834851,21.095023109728988,1.7210381000000003
-125.0,-12.0,-1.6665030348817003,0.0,1.7299579000000005
-126.0,-15.0,-1.6892862859530344,0.0,1.7407366
-127.0,-17.0,-1.7038635888034535,0.0,1.7494158999999998
-127.0,-18.0,-1.7115908460133877,0.0,1.7587165000000002
-129.0,-23.0,-1.7472368705558368,25.0,1.7691496000000004
-129.0,-24.0,-1.7547397833320717,0.0,1.7798512999999998
-129.0,-26.0,-1.769682198507157,0.0,1.7914139000000002
-129.0,-30.0,-1.799292966086759,0.0,1.8021874000000002
-129.0,-31.0,-1.8066344766659654,23.769728648009426,1.8144745000000002
-130.0,-33.0,-1.8193916106813062,0.0,1.8275100000000002
-130.0,-37.0,-1.8480797259872654,0.0,1.8400216
-130.0,-39.0,-1.8622531212727638,0.0,1.8521150000000004
-130.0,-40.0,-1.8692952583810758,0.0,1.8612235000000004
-130.0,-44.0,-1.8971551435016594,25.632011235952593,1.8714005
-131.0,-45.0,-1.9016790474109497,0.0,1.8789381
-131.0,-47.0,-1.91527024203318,0.0,1.8882994000000002
-131.0,-49.0,-1.9287301771771195,0.0,1.8959833000000001
-131.0,-51.0,-1.9420559397161332,0.0,1.9046339000000003
-131.0,-53.0,-1.9552448648262513,0.0,1.9122081
-131.0,-55.0,-1.9682945324644128,0.0,1.9198624000000004
-131.0,-57.0,-1.9812027630589764,29.068883707497267,1.9294672000000004
-131.0,-58.0,-1.9876032228797331,0.0,1.9373731999999997
-131.0,-60.0,-2.000295724719933,0.0,1.9465203999999998
-131.0,-62.0,-2.0128423581194927,0.0,1.9556217
-131.0,-63.0,-2.0190605340151078,0.0,1.9653244
-131.0,-66.0,-2.0374927068373587,0.0,1.9785779999999997
-130.0,-67.0,-2.046675741632333,0.0,1.9903117999999997
-129.0,-70.0,-2.067967956744757,30.528675044947494,2.0015912
-129.0,-72.0,-2.0798672152172797,0.0,2.0144070999999997
-128.0,-75.0,-2.1008115782186896,0.0,2.0238215999999998
-128.0,-76.0,-2.10660756475536,0.0,2.0354163000000005
-128.0,-77.0,-2.112363932186742,0.0,2.0458815
-127.0,-78.0,-2.1215721886708,0.0,2.0575113
-127.0,-79.0,-2.127269493676736,0.0,2.0653816000000003
-127.0,-80.0,-2.1329267009091906,0.0,2.0788968
-127.0,-81.0,-2.138543873905302,0.0,2.0873701000000002
-126.0,-82.0,-2.147729271812357,30.805843601498726,2.1030432
-126.0,-83.0,-2.1532842803634678,0.0,2.1112272
-126.0,-84.0,-2.158798930342464,0.0,2.1192908
-125.0,-85.0,-2.167972984887574,0.0,2.1273821
-124.0,-86.0,-2.1771792131708594,0.0,2.1431632
-124.0,-87.0,-2.182603956527534,0.0,2.1591249
-123.0,-88.0,-2.1918144521344165,0.0,2.1752884999999997
-122.0,-89.0,-2.201053176923452,0.0,2.1911880999999997
-121.0,-91.0,-2.215618438782787,0.0,2.2074818
-120.0,-91.0,-2.219609470616478,0.0,2.2174674000000003
-119.0,-92.0,-2.2289240520108082,28.42534080710379,2.2296506000000003
-118.0,-93.0,-2.238260890162293,0.0,2.2407657
-116.0,-94.0,-2.2518133372420146,0.0,2.2513391
-116.0,-96.0,-2.2621332555643585,0.0,2.2626098
-115.0,-97.0,-2.271491979322687,0.0,2.2747814
-113.0,-97.0,-2.2801509309132277,0.0,2.286397
-112.0,-99.0,-2.2946608968433018,0.0,2.2964034
-111.0,-99.0,-2.29911370778608,0.0,2.3069689
-110.0,-100.0,-2.3086113869153615,0.0,2.3160786
-109.0,-100.0,-2.3131588771689677,23.345235059857504,2.3274549
-108.0,-102.0,-2.327630832353585,0.0,2.3342122000000005
-105.0,-103.0,-2.3465794018926425,0.0,2.3447609
-104.0,-104.0,-2.356194490192345,0.0,2.3539339000000004
-103.0,-105.0,-2.3658095784920476,0.0,2.3633436000000003
-101.0,-106.0,-2.380344383589861,0.0,2.3713677000000004
-98.0,-109.0,-2.4092846511513004,19.4164878389476,2.3836509
-96.0,-109.0,-2.419524323319197,0.0,2.39752
-91.0,-112.0,-2.459276098715045,0.0,2.4109708999999997
-89.0,-113.0,-2.4744519993314245,0.0,2.4221390000000005
-85.0,-115.0,-2.505084437801842,13.92838827718412,2.4344678
-83.0,-116.0,-2.5205281718623964,0.0,2.4442687999999997
-81.0,-117.0,-2.5360479899848234,0.0,2.4549675000000004
-78.0,-119.0,-2.5613871629851324,0.0,2.4640085999999997
-76.0,-120.0,-2.577023259921693,10.44030650891055,2.4753567
-75.0,-120.0,-2.5829933382462307,0.0,2.4846510000000004
-74.0,-121.0,-2.5927090265527797,0.0,2.4962748
-73.0,-121.0,-2.5987459736195357,0.0,2.5051895
-71.0,-121.0,-2.6109527926282396,0.0,2.5147325
-70.0,-123.0,-2.624199385926693,0.0,2.5271672
-69.0,-123.0,-2.6303619413120036,0.0,2.539232
-68.0,-123.0,-2.6365674012372797,0.0,2.548596
-66.0,-124.0,-2.6524728480782644,6.082762530298219,2.5590731
-65.0,-125.0,-2.662073361597197,0.0,2.5677054999999998
-64.0,-125.0,-2.66839119515139,0.0,2.5770236000000004
-63.0,-125.0,-2.674750167280412,0.0,2.5862973
-62.0,-126.0,-2.6843143852076503,0.0,2.5973613
-59.0,-126.0,-2.7036628457940077,0.0,2.6082710000000002
-58.0,-127.0,-2.7131868576545957,0.0,2.6211376
-56.0,-128.0,-2.729182211992406,0.0,2.6316433999999997
-55.0,-128.0,-2.735758360514989,3.1622776601683795,2.6448476999999997
-53.0,-128.0,-2.7490225185779646,0.0,2.6562802999999997
-53.0,-129.0,-2.7517656409351514,0.0,2.6702238000000005
-52.0,-129.0,-2.758416055854448,0.0,2.6792483000000002
-50.0,-129.0,-2.771824118796376,0.0,2.6911075
-49.0,-130.0,-2.7811370649473877,0.0,2.7030645
-47.0,-131.0,-2.79711873835151,0.0,2.7126246
-46.0,-131.0,-2.803898120076559,0.0,2.7239754000000005
-44.0,-132.0,-2.819842099193151,2.0,2.7352233999999997
-43.0,-132.0,-2.8266757058028897,0.0,2.7507763
-42.0,-132.0,-2.833539872566017,0.0,2.7588904000000003
-41.0,-132.0,-2.8404341538061906,0.0,2.7668301
-40.0,-133.0,-2.849446204048851,0.0,2.7827672000000003
-39.0,-133.0,-2.8563555439400274,0.0,2.7911226000000005
-38.0,-134.0,-2.865265378614728,0.0,2.8023148000000004
-37.0,-134.0,-2.872186040770391,0.0,2.8102966
-36.0,-134.0,-2.879133253763517,0.0,2.8191525000000004
-35.0,-134.0,-2.8861064962711493,0.0,2.8294108
-33.0,-135.0,-2.9018495447193366,4.242640687119285,2.8389951
-31.0,-136.0,-2.9174805266370414,0.0,2.8498611
-30.0,-136.0,-2.9244813388548883,0.0,2.8640271000000004
-29.0,-136.0,-2.9315038403707097,0.0,2.8793173999999997
-28.0,-137.0,-2.93998954493695,0.0,2.8960157000000004
-27.0,-137.0,-2.9470060751159606,0.0,2.9109031000000005
-26.0,-137.0,-2.954042063984424,0.0,2.920007
-25.0,-137.0,-2.961096893127758,0.0,2.928185
-24.0,-137.0,-2.9681699333149156,0.0,2.9354814000000005
-24.0,-138.0,-2.969401839066854,0.0,2.9439317999999997
-23.0,-138.0,-2.976443976175166,0.0,2.9519962
-22.0,-138.0,-2.9835026824681075,5.385164807134504,2.9596185000000004
-21.0,-138.0,-2.9905773106684337,0.0,2.9684752000000003
-20.0,-139.0,-2.9986885499806437,0.0,2.9755761000000005
-19.0,-139.0,-3.0057439123280014,0.0,2.9907281
-18.0,-139.0,-3.0128129091587206,0.0,2.9994417
-17.0,-139.0,-3.0198948715666973,0.0,3.0149369000000004
-15.0,-139.0,-3.0340949795641388,0.0,3.0324929000000003
-14.0,-139.0,-3.041211750506822,0.0,3.0469537000000004
-13.0,-139.0,-3.0483387384850134,0.0,3.0634318
-11.0,-140.0,-3.0631823148511517,7.280109889280518,3.0793621
-10.0,-140.0,-3.070285188804503,0.0,3.0950488
-9.0,-140.0,-3.0773952772166604,0.0,3.1046844
-8.0,-140.0,-3.0845118711835284,0.0,3.1152885
-7.0,-140.0,-3.0916342578678506,0.0,3.1225817000000005
-6.0,-141.0,-3.099065118970009,0.0,3.1348890000000003
-5.0,-141.0,-3.1061465133310784,0.0,3.1431066999999997
-4.0,-141.0,-3.1132314658839215,0.0,3.1512407
-3.0,-141.0,-3.120319267565732,0.0,3.1594281000000004
-2.0,-142.0,-3.127509077766933,0.0,3.1672162000000004
0.0,-142.0,3.141592653589793,0.0,3.1756352999999997
1.0,-142.0,3.134550516481481,8.246211251235321,3.1831709999999998
2.0,-142.0,3.127509077766933,0.0,3.1913567
4.0,-142.0,3.1134310866019006,0.0,3.1995383000000004
6.0,-142.0,3.0993642514767914,0.0,3.2074854000000004
9.0,-142.0,3.0782970354011696,0.0,3.215896
11.0,-142.0,3.0642822594103016,0.0,3.2231915000000004
13.0,-142.0,3.0502978458394447,10.04987562112089,3.2325573
15.0,-142.0,3.0363491459610223,0.0,3.2434602999999997
16.0,-143.0,3.0301679728582087,0.0,3.2520693000000005
18.0,-143.0,3.016377074057549,0.0,3.2618267999999997
19.0,-143.0,3.009499206464925,0.0,3.2710841000000004
21.0,-143.0,2.995781724645679,0.0,3.2813813000000005
21.0,-143.0,2.995781724645679,0.0,3.2891937
24.0,-143.0,2.9753101898129106,10.0,3.2975643000000003
25.0,-143.0,2.96851662241994,0.0,3.3084133
27.0,-143.0,2.9549783471583275,0.0,3.3174449
28.0,-143.0,2.9482347568586995,0.0,3.3280342999999997
30.0,-143.0,2.934801397076578,0.0,3.337524
32.0,-143.0,2.9214433238972166,0.0,3.3469604000000004
33.0,-143.0,2.9147938055359073,0.0,3.3536786000000003
34.0,-142.0,2.906580437869136,0.0,3.3605786
37.0,-142.0,2.8866969602088264,11.0,3.3677221
39.0,-142.0,2.8735538284963837,0.0,3.3758241
40.0,-142.0,2.8670173721501677,0.0,3.3840133000000003
42.0,-142.0,2.854016822809346,0.0,3.3911680000000004
44.0,-142.0,2.8411154852172125,0.0,3.399469
46.0,-142.0,2.828316472596122,0.0,3.4098007
48.0,-142.0,2.8156227149501474,0.0,3.4169365000000003
50.0,-141.0,2.8008169108201733,10.04987562112089,3.4249739999999997
52.0,-141.0,2.788273642705373,0.0,3.435015
54.0,-141.0,2.775845352327449,0.0,3.4446700999999997
57.0,-140.0,2.7549438475862074,0.0,3.4566039
58.0,-140.0,2.748831987952472,0.0,3.4658594999999996
59.0,-140.0,2.742750923132179,0.0,3.4762743
61.0,-140.0,2.730682023391264,9.486832980505138,3.4850982999999998
62.0,-140.0,2.7246945831798994,0.0,3.4944979
64.0,-140.0,2.7128146261437767,0.0,3.5049126
65.0,-140.0,2.7069224384405484,0.0,3.5167587000000005
66.0,-140.0,2.70106231297328,0.0,3.5254868000000004
67.0,-139.0,2.6924367836544874,0.0,3.5371787
68.0,-139.0,2.6866153475527725,0.0,3.545955
69.0,-138.0,2.677945044588987,0.0,3.5552447000000003
71.0,-138.0,2.6664181776143057,0.0,3.5632565000000005
72.0,-138.0,2.6607053733944572,0.0,3.5753711
74.0,-138.0,2.649381386750227,8.54400374531753,3.5836641
75.0,-137.0,2.640712974500342,0.0,3.5993886
76.0,-137.0,2.63511411192026,0.0,3.6074073
77.0,-137.0,2.6295498137157804,0.0,3.6155305
78.0,-137.0,2.6240201021672407,0.0,3.6312205000000004
79.0,-137.0,2.61852499081851,0.0,3.6421273999999997
80.0,-136.0,2.609868586330988,0.0,3.6504806
81.0,-136.0,2.604423412729617,0.0,3.6617276
82.0,-135.0,2.5957443250025873,0.0,3.6703775
86.0,-134.0,2.5710098905940035,7.615773105863909,3.6806547
87.0,-134.0,2.565742229591733,0.0,3.6978346
89.0,-133.0,2.551856949524397,0.0,3.7072621000000003
90.0,-133.0,2.546681697078478,0.0,3.7177008999999996
91.0,-132.0,2.5380203740148692,0.0,3.7260622000000003
92.0,-132.0,2.5329033462623816,0.0,3.7352318
94.0,-132.0,2.5227778868521082,0.0,3.7442716999999996
96.0,-131.0,2.509174834795315,0.0,3.7512855
97.0,-131.0,2.5042264371543848,0.0,3.7596792
98.0,-131.0,2.499314038075038,0.0,3.7670189
102.0,-130.0,2.4763032257592577,6.0,3.7754389
103.0,-129.0,2.467797784877734,0.0,3.7833319999999997
105.0,-128.0,2.4545881752485483,0.0,3.7914048000000005
107.0,-128.0,2.4453194591817695,0.0,3.7995371000000002
109.0,-127.0,2.432318293412872,0.0,3.8076762000000004
111.0,-126.0,2.419401322089805,0.0,3.815746
112.0,-126.0,2.4149503129080676,0.0,3.8250079
114.0,-125.0,2.4021871375539146,4.0,3.8326824000000004
114.0,-124.0,2.3981865974137144,0.0,3.8425217
115.0,-124.0,2.3938336093917334,0.0,3.8543072
116.0,-124.0,2.389515486070592,0.0,3.865641
116.0,-123.0,2.385474822538123,0.0,3.8756547
117.0,-123.0,2.381189283811265,0.0,3.8881655999999998
119.0,-122.0,2.368641980061206,0.0,3.8999328
121.0,-120.0,2.3520451364124786,0.0,3.9121712000000004
123.0,-119.0,2.3396670695896242,0.0,3.9230340999999997
124.0,-118.0,2.3314061801550454,3.605551275463989,3.9341318000000003
128.0,-116.0,2.307053755776325,0.0,3.9450162000000004
130.0,-114.0,2.2907144652688802,0.0,3.9543975
132.0,-113.0,2.2787983792782995,0.0,3.9649851
136.0,-110.0,2.2508943606282967,2.23606797749979,3.9758328
138.0,-109.0,2.239320652832811,0.0,3.9841753000000004
140.0,-108.0,2.22787126250655,0.0,3.9944391
141.0,-106.0,2.215431221950437,0.0,4.0027817
142.0,-106.0,2.2120401030791905,0.0,4.0119081
144.0,-105.0,2.2008302363408117,0.0,4.0210772
144.0,-104.0,2.1962813670341257,0.0,4.0316032
146.0,-102.0,2.1806023282421645,0.0,4.041557
147.0,-102.0,2.1774014353894233,0.0,4.0516494000000005
148.0,-101.0,2.16963441957816,1.0,4.0604525
149.0,-101.0,2.1665029381699643,0.0,4.0707863
149.0,-99.0,2.1572485439877864,0.0,4.0817897
150.0,-99.0,2.1541693337887526,0.0,4.093263
150.0,-98.0,2.1495112717080955,0.0,4.1049313000000005
151.0,-98.0,2.1464728982216905,0.0,4.1170314
153.0,-96.0,2.1311562036997396,0.0,4.1281785
153.0,-96.0,2.1311562036997396,0.0,4.1381893000000005
154.0,-93.0,2.1140756858082868,0.0,4.1481503
156.0,-91.0,2.0988707752212563,0.0,4.1614624000000005
157.0,-89.0,2.086506028451432,3.0,4.1712541000000005
159.0,-88.0,2.0762914119306615,0.0,4.1806838
160.0,-86.0,2.0639919836975964,0.0,4.1903216
162.0,-83.0,2.044271629213623,0.0,4.2004832
163.0,-80.0,2.0270549077117983,0.0,4.2106956
165.0,-78.0,2.012388689102188,2.23606797749979,4.2213069
167.0,-76.0,1.9978748798821613,0.0,4.2297529
169.0,-74.0,1.9835171346144722,0.0,4.2395326
171.0,-69.0,1.9543238427518885,0.0,4.2477378
173.0,-68.0,1.9453087696961393,0.0,4.2578669
175.0,-64.0,1.9214013494137254,4.123105625617661,4.2686821
179.0,-60.0,1.894221921500997,0.0,4.2805504
181.0,-56.0,1.8708474496063776,0.0,4.2925705
185.0,-52.0,1.8448072343967359,4.242640687119285,4.3048377
185.0,-52.0,1.8448072343967359,0.0,4.3138524
188.0,-49.0,1.8257621734606762,0.0,4.3247011
189.0,-46.0,1.8095406567276857,0.0,4.334266
193.0,-41.0,1.7801197503613486,5.0,4.3469844
196.0,-38.0,1.7622980452645154,0.0,4.3574865
200.0,-32.0,1.729451588981298,0.0,4.3684513
202.0,-28.0,1.7085325177552413,0.0,4.3782963
203.0,-25.0,1.6933320389340105,10.198039027185569,4.3874768
206.0,-22.0,1.6771891814938007,0.0,4.3961467
207.0,-18.0,1.6575346654708818,0.0,4.4067471000000005
212.0,-11.0,1.6226366304339863,15.033296378372908,4.416084
214.0,-7.0,1.6034949483953262,0.0,4.4259543
215.0,-5.0,1.5940479496053594,0.0,4.4334538
217.0,-1.0,1.575404589105017,0.0,4.4424764
218.0,1.0,1.5662092030054993,0.0,4.452252
219.0,3.0,1.5570985534220307,0.0,4.4610507
221.0,7.0,1.5391327047192824,22.360679774997898,4.4718638
222.0,9.0,1.5302779743165498,0.0,4.4816635
222.0,11.0,1.5212872682703023,0.0,4.4933094
224.0,15.0,1.5039318667314472,0.0,4.5048765
225.0,18.0,1.4909663410826592,0.0,4.5161605
225.0,21.0,1.4777325980704787,0.0,4.5256948
227.0,25.0,1.461106223307875,26.68332812825267,4.5380953
227.0,26.0,1.4567558415844921,0.0,4.5490279000000005
228.0,31.0,1.43566007882972,0.0,4.5604131
228.0,33.0,1.4270576536465704,0.0,4.5707542
229.0,35.0,1.4191315730732819,0.0,4.5803052
229.0,36.0,1.4148672463025302,0.0,4.590002
230.0,41.0,1.3943884488948537,29.614185789921695,4.6005183
230.0,41.0,1.3943884488948537,0.0,4.6091525
230.0,45.0,1.3775848429470905,0.0,4.6180881000000005
230.0,47.0,1.3692236817989014,0.0,4.6274105
230.0,50.0,1.356735643231075,0.0,4.6364575
230.0,51.0,1.3525877860449613,0.0,4.6444179
230.0,54.0,1.340190390535344,0.0,4.6532618999999995
230.0,57.0,1.3278647437154307,0.0,4.662353800000001
230.0,59.0,1.3196890376417834,0.0,4.671519900000001
230.0,64.0,1.2994010459932608,32.69556544854363,4.682936199999999
230.0,65.0,1.2953702230988613,0.0,4.693184400000001
230.0,68.0,1.2833331213096146,0.0,4.706533899999999
229.0,70.0,1.2741395791856025,0.0,4.717724899999999
229.0,72.0,1.2661718975503518,0.0,4.7268938
228.0,75.0,1.2529983209850046,0.0,4.7380202
228.0,77.0,1.2451036114792646,0.0,4.7509565
227.0,80.0,1.2319646480076782,32.202484376209235,4.765038100000001
226.0,83.0,1.21883157963399,0.0,4.776973000000001
225.0,84.0,1.2134876437867965,0.0,4.7873083
225.0,86.0,1.2057089281011195,0.0,4.7964347
224.0,87.0,1.2003359795629696,0.0,4.8063943
224.0,88.0,1.1964627107873127,0.0,4.815162699999999
223.0,90.0,1.1872011564167917,0.0,4.825404400000001
222.0,91.0,1.1817762235016032,0.0,4.833688400000001
222.0,93.0,1.1740876639036828,0.0,4.8445844
221.0,94.0,1.1686382679808633,0.0,4.854619199999999
220.0,98.0,1.151728827095076,30.528675044947494,4.864955299999999
219.0,100.0,1.1424500316480142,0.0,4.8741967
218.0,101.0,1.1369350638758247,0.0,4.885579000000001
216.0,106.0,1.1145835250392888,0.0,4.899090200000001
215.0,108.0,1.1052899838751888,0.0,4.9092423
213.0,111.0,1.090390510211853,26.419689627245813,4.9204075000000005
212.0,113.0,1.081083858518645,0.0,4.9323106
210.0,115.0,1.0697829399913072,0.0,4.9408292000000005
207.0,121.0,1.041821248170739,0.0,4.9522141
207.0,121.0,1.041821248170739,0.0,4.9603335
204.0,124.0,1.0246297633611088,0.0,4.9711623000000005
204.0,126.0,1.017502001472604,0.0,4.978952800000001
202.0,127.0,1.009531535755878,22.80350850198276,4.986040699999999
201.0,128.0,1.0037452554041646,0.0,4.9945894
201.0,130.0,0.99669780980068,0.0,5.0021139
200.0,131.0,0.9909141944010833,0.0,5.0106566
199.0,133.0,0.9816349752143809,0.0,5.0173525
198.0,133.0,0.9793053653039,0.0,5.024843400000001
197.0,134.0,0.9734808376604899,0.0,5.034010299999999
197.0,135.0,0.9700185762352215,0.0,5.041976000000001
196.0,136.0,0.9641912182003697,0.0,5.0514511
195.0,138.0,0.9549263748553701,0.0,5.0591666
194.0,138.0,0.9524999633285539,0.0,5.0678197
194.0,139.0,0.9490855656709769,0.0,5.0784256999999995
193.0,140.0,0.9432334655942491,0.0,5.0885834
192.0,141.0,0.9373704438257521,20.615528128088304,5.1010245
192.0,142.0,0.9339952852466475,0.0,5.1112128
191.0,143.0,0.9281334407726048,0.0,5.1223538
190.0,144.0,0.922261703465222,0.0,5.1339719
189.0,145.0,0.9163804541418898,0.0,5.1511681000000005
188.0,145.0,0.913816674551273,0.0,5.161970600000001
188.0,146.0,0.9104900774865703,0.0,5.1722528
187.0,146.0,0.9079047312138845,0.0,5.1831079
186.0,148.0,0.8986834994141027,0.0,5.1919241000000005
184.0,149.0,0.8901187788524196,0.0,5.2075352
183.0,151.0,0.8809150010730908,0.0,5.218280900000001
181.0,152.0,0.872266086107955,0.0,5.2259407
179.0,154.0,0.8603326658299877,16.278820596099706,5.236441
178.0,155.0,0.8543577136071252,0.0,5.245232000000001
176.0,156.0,0.8455664145524581,0.0,5.2543528
172.0,158.0,0.8277969813233881,0.0,5.2639358
171.0,159.0,0.821745784416469,0.0,5.273328500000001
169.0,160.0,0.8127469658810721,0.0,5.2831328
168.0,161.0,0.8066715494215095,0.0,5.2961886
166.0,162.0,0.7975926808457001,0.0,5.311618200000001
164.0,163.0,0.7884562578399076,8.602325267042627,5.3220806000000005
161.0,165.0,0.7731288404436508,0.0,5.3309139
157.0,167.0,0.7545437606669222,0.0,5.341526600000001
153.0,169.0,0.735749557008842,0.0,5.350884700000001
146.0,173.0,0.7009599153750905,4.47213595499958,5.3617354
143.0,174.0,0.6879163240401952,0.0,5.3733493999999995
140.0,176.0,0.671963171590232,0.0,5.384496400000001
135.0,177.0,0.6515871859228576,0.0,5.395513500000001
133.0,179.0,0.6390168339184684,4.242640687119285,5.406388799999999
131.0,180.0,0.6291265373941796,0.0,5.4145709
128.0,181.0,0.6155300663807571,0.0,5.424405600000001
121.0,184.0,0.5817054575655196,0.0,5.432350500000001
118.0,186.0,0.5653364607638831,8.602325267042627,5.4409573
117.0,187.0,0.5590798535093614,0.0,5.450351500000001
115.0,187.0,0.5513565641548329,0.0,5.4586362
114.0,189.0,0.5427504983797107,0.0,5.468943
112.0,190.0,0.5326436072295171,0.0,5.4769654999999995
110.0,191.0,0.5225225786241028,0.0,5.4856223
105.0,193.0,0.4982570018063522,0.0,5.496558899999999
103.0,194.0,0.4880826632114623,12.206555615733702,5.506565600000001
98.0,196.0,0.4636476090008061,0.0,5.5209938
95.0,198.0,0.4473557715461662,0.0,5.530374300000001
92.0,200.0,0.43113874071878217,0.0,5.5419805
87.0,202.0,0.40668282914607734,14.422205101855956,5.552417299999999
86.0,202.0,0.4024994463515049,0.0,5.561875100000001
85.0,202.0,0.39830110879531133,0.0,5.573979199999999
83.0,204.0,0.3864085008206234,0.0,5.5864442
81.0,205.0,0.3762941021099522,0.0,5.599365700000001
78.0,207.0,0.3603579705247931,0.0,5.6080075
75.0,209.0,0.3445386317797409,13.92838827718412,5.6175127
73.0,209.0,0.33603529698403883,0.0,5.6256841
72.0,211.0,0.3288426340709619,0.0,5.635606
70.0,212.0,0.31891770078480447,0.0,5.6434626
68.0,212.0,0.31038740713235147,0.0,5.6524738
66.0,214.0,0.29915553030994335,0.0,5.6624889000000005
65.0,214.0,0.29488290526930827,0.0,5.671145500000001
60.0,217.0,0.26975807296212945,13.601470508735444,5.6813779
58.0,219.0,0.25889639397107084,0.0,5.690015
56.0,220.0,0.24925214138521365,0.0,5.7007392
54.0,222.0,0.23860932250820097,0.0,5.7099977
49.0,225.0,0.2144296872371101,0.0,5.721353700000001
47.0,226.0,0.20504196987244458,0.0,5.730686100000001
45.0,228.0,0.194863919688872,8.246211251235321,5.741059300000001
44.0,229.0,0.18982631837040745,0.0,5.7511059
41.0,230.0,0.17640787790004292,0.0,5.7644288
40.0,231.0,0.1714599540647277,0.0,5.775708799999999
38.0,233.0,0.16166679733512207,0.0,5.7888811
35.0,234.0,0.14847197480207144,0.0,5.7975273
32.0,237.0,0.13420944732917872,0.0,5.8081399
30.0,239.0,0.12486992755995127,2.0,5.8157711
29.0,241.0,0.11975615113754916,0.0,5.8243990000000005
27.0,242.0,0.11111073588203237,0.0,5.8311488
24.0,244.0,0.09804527729383924,0.0,5.839663600000001
22.0,246.0,0.08919361259173315,0.0,5.8481288000000005
21.0,247.0,0.08481627219789932,0.0,5.8563272
19.0,248.0,0.07646353481948343,0.0,5.8650499
18.0,250.0,0.07187596955633492,0.0,5.8716129
17.0,250.0,0.06789547916306106,0.0,5.879156900000001
16.0,251.0,0.06365888872537392,0.0,5.888066599999999
15.0,251.0,0.05968996536787199,0.0,5.896531
15.0,252.0,0.059453659308656884,0.0,5.9052113
14.0,253.0,0.05527959106357464,0.0,5.912970499999999
12.0,254.0,0.04720899180921427,9.0,5.9219166
11.0,255.0,0.04311052780766995,0.0,5.932333600000001
9.0,257.0,0.03500515026470075,0.0,5.943201299999999
7.0,258.0,0.02712512834526201,0.0,5.9532479
5.0,259.0,0.019302621618683208,0.0,5.963564900000001
4.0,260.0,0.01538340178059515,0.0,5.9754139
3.0,261.0,0.011493746715030522,0.0,5.9847528
2.0,261.0,0.007662685269539247,0.0,5.9957357
2.0,262.0,0.007633439517493071,0.0,6.0062781
-1.0,263.0,-0.0038022630453508235,0.0,6.017073000000001
-2.0,264.0,-0.007575612651195415,0.0,6.0249727
-4.0,264.0,-0.015150355874769811,0.0,6.0338518
-5.0,265.0,-0.018865686021670786,17.029386365926403,6.0419954
-6.0,266.0,-0.022552566650304355,0.0,6.0510534
-8.0,267.0,-0.029953585308923503,0.0,6.0582728999999995
-9.0,267.0,-0.03369510734601632,0.0,6.0656375
-10.0,267.0,-0.03743568587355623,0.0,6.074303700000001
-11.0,267.0,-0.04117521661509063,0.0,6.087435999999999
-12.0,268.0,-0.0447462314546156,0.0,6.0964465
-13.0,268.0,-0.048469470710166856,0.0,6.1040920000000005
-15.0,268.0,-0.05591181375700375,0.0,6.111054500000001
-17.0,268.0,-0.06334796187723547,0.0,6.119934
-18.0,268.0,-0.06706345843566915,0.0,6.1290089
-20.0,268.0,-0.07448879021388173,0.0,6.1381954
-22.0,268.0,-0.08190590206593348,0.0,6.146151799999999
-23.0,268.0,-0.08561112498270952,0.0,6.1549419
-25.0,268.0,-0.09301440689955043,19.026297590440446,6.164698800000001
-28.0,268.0,-0.10409993810959935,0.0,6.1724872
-31.0,268.0,-0.11515985140847461,0.0,6.1821008
-34.0,268.0,-0.1261915397730246,0.0,6.1910932999999995
-41.0,266.0,-0.15293181426345742,0.0,6.2012092999999995
-45.0,265.0,-0.1682067718570861,16.278820596099706,6.2088188
-49.0,265.0,-0.18284054699879457,0.0,6.219121800000001
-51.0,264.0,-0.1908311027212619,0.0,6.2251956999999996
-55.0,264.0,-0.20539538918976738,0.0,6.2322921
-56.0,263.0,-0.20979463265418524,0.0,6.240040700000001
-59.0,262.0,-0.2214960788910667,0.0,6.247556200000001
-60.0,262.0,-0.22512567616292364,0.0,6.2562524
-61.0,262.0,-0.22874924959298962,0.0,6.263361799999999
-62.0,262.0,-0.23236671924680774,0.0,6.2716796
-65.0,261.0,-0.24407695011606956,13.601470508735444,6.2803558
-67.0,260.0,-0.25220527625756173,0.0,6.2876444000000005
-70.0,260.0,-0.2629947316809195,0.0,6.296439800000001
-72.0,259.0,-0.2711459741908266,0.0,6.305873000000001
-76.0,259.0,-0.2854242203904118,0.0,6.314757600000001
-79.0,258.0,-0.297136534608943,0.0,6.325021800000001
-83.0,256.0,-0.3135251229850439,11.704699910719626,6.3337393
-87.0,255.0,-0.3287926915049544,0.0,6.3452203
-87.0,255.0,-0.3287926915049544,0.0,6.3539872
-90.0,253.0,-0.34177143606564636,0.0,6.362074600000001
-93.0,252.0,-0.3535419597511187,0.0,6.3712390999999995
-95.0,252.0,-0.36050904313921434,0.0,6.3800292999999995
-96.0,252.0,-0.36397895650964407,0.0,6.3908323000000005
-98.0,251.0,-0.37223640714052525,0.0,6.3997942
-101.0,250.0,-0.3839498896722959,9.848857801796104,6.410078400000001
-102.0,249.0,-0.3887877612900393,0.0,6.419255499999999
-105.0,248.0,-0.4005037110855154,0.0,6.4293378
-106.0,248.0,-0.4039180767583422,0.0,6.4362711
-108.0,247.0,-0.41219803718256964,0.0,6.4440678
-110.0,245.0,-0.42200502990221767,0.0,6.452991399999999
-113.0,245.0,-0.4321489094101281,0.0,6.4612793
-114.0,244.0,-0.4370757914568387,0.0,6.4695241999999995
-115.0,244.0,-0.44043453223357276,0.0,6.477403700000001
-116.0,243.0,-0.4453772169527427,0.0,6.484913100000001
-117.0,243.0,-0.4487233440107211,7.280109889280518,6.4948846
-118.0,242.0,-0.45368116159459904,0.0,6.502635499999999
-122.0,241.0,-0.46861445557430703,0.0,6.5124954
-123.0,240.0,-0.47359752939361127,0.0,6.520191400000001
-126.0,239.0,-0.485167465214588,0.0,6.528892699999999
-127.0,239.0,-0.48843591903810574,0.0,6.5409023
-129.0,238.0,-0.4966934260197361,0.0,6.5517218
-133.0,236.0,-0.5131938035919313,0.0,6.561927099999999
-134.0,235.0,-0.5182291039579422,6.082762530298219,6.5717776
-136.0,234.0,-0.5264787050999752,0.0,6.5814843000000005
-139.0,233.0,-0.5378910606523875,0.0,6.593143800000001
-140.0,232.0,-0.5429511404315929,0.0,6.6025348
-143.0,231.0,-0.5543074962015512,0.0,6.6143685
-145.0,229.0,-0.5644654975645776,0.0,6.625257500000001
-147.0,229.0,-0.5706750820501804,0.0,6.6364423
-149.0,228.0,-0.5788378906934902,0.0,6.644146800000001
-150.0,226.0,-0.5859576166232136,0.0,6.653085399999999
-152.0,226.0,-0.5920759007753087,5.385164807134504,6.6633211999999995
-155.0,224.0,-0.6053124834373288,0.0,6.6723835
-158.0,222.0,-0.6185430029976592,0.0,6.681640600000001
-160.0,221.0,-0.6266405365886181,0.0,6.6901666
-163.0,220.0,-0.6376574937904386,0.0,6.700595600000001
-165.0,218.0,-0.6478902539803799,0.0,6.709554
-167.0,218.0,-0.6536974051000323,0.0,6.718964199999999
-170.0,216.0,-0.6667865645367114,5.0,6.7275325
-173.0,214.0,-0.679848729812305,0.0,6.739134000000001
-175.0,213.0,-0.6877713661595284,0.0,6.750789500000001
-179.0,210.0,-0.7058747067447839,0.0,6.7625327
-181.0,209.0,-0.713726267141411,0.0,6.7748553
-185.0,207.0,-0.7293345268188453,6.324555320336759,6.786968000000001
-188.0,206.0,-0.7397446283962426,0.0,6.7979887
-192.0,203.0,-0.7575572576733721,0.0,6.8099912
-194.0,202.0,-0.7651988908163804,0.0,6.8206438
-196.0,201.0,-0.7728043708084005,0.0,6.8316533
-200.0,198.0,-0.7904232467282607,0.0,6.8419373000000006
-202.0,197.0,-0.7979288358310519,0.0,6.8502251
-204.0,195.0,-0.8079507300477526,7.810249675906654,6.8603785
-207.0,193.0,-0.820383882225974,0.0,6.8702797
-209.0,192.0,-0.827766808129263,0.0,6.879202800000001
-215.0,189.0,-0.8496659697454622,0.0,6.8887969
-218.0,187.0,-0.8617924111806471,0.0,6.8982246
-219.0,186.0,-0.8667000350058448,0.0,6.9075993
-221.0,185.0,-0.8738368192446249,11.313708498984761,6.916317800000001
-223.0,184.0,-0.8809295798201923,0.0,6.9263234
-224.0,183.0,-0.8857965652117594,0.0,6.934618100000001
-227.0,182.0,-0.8949818476783332,0.0,6.9456777
-229.0,180.0,-0.9046342625766803,0.0,6.9595551
-230.0,180.0,-0.906750163968212,0.0,6.972107200000001
-231.0,178.0,-0.9142644055361159,0.0,6.982557900000001
-234.0,176.0,-0.9259290986328883,0.0,6.9932463
-236.0,175.0,-0.9327410457173406,0.0,7.0039586
-237.0,174.0,-0.9374989454955664,0.0,7.016284
-238.0,173.0,-0.9422499154367319,14.866068747318506,7.0318519
-238.0,172.0,-0.9450045380990311,0.0,7.0478724999999995
-239.0,171.0,-0.9497557017366272,0.0,7.0601563
-240.0,170.0,-0.9544993893988254,0.0,7.0716887999999996
-241.0,170.0,-0.956459266990899,0.0,7.0816287
-242.0,168.0,-0.9639635574188732,0.0,7.0910646999999996
-243.0,167.0,-0.9686836531472389,0.0,7.1009641
-246.0,163.0,-0.9856132646478761,0.0,7.1123512
-246.0,163.0,-0.9856132646478761,0.0,7.1222465999999995
-248.0,160.0,-0.9978301839061905,0.0,7.1316608
-251.0,156.0,-1.0147077665772002,13.892443989449804,7.1416148999999995
-254.0,152.0,-1.0315355745572607,0.0,7.152209099999999
-254.0,152.0,-1.0315355745572607,0.0,7.1625884
-257.0,145.0,-1.0571146390328614,0.0,7.1709893
-259.0,142.0,-1.0692880305294516,0.0,7.182142700000001
-260.0,140.0,-1.0768549578753155,11.40175425099138,7.1912577
-264.0,134.0,-1.1011064952533898,0.0,7.202528699999999
-266.0,132.0,-1.1101607568780414,0.0,7.211570600000001
-267.0,130.0,-1.117690495952037,0.0,7.2232809
-270.0,126.0,-1.1341691669813554,0.0,7.2334168
-271.0,123.0,-1.1447250071368138,0.0,7.2449524
-273.0,120.0,-1.156657776318685,11.40175425099138,7.2532795000000005
-274.0,116.0,-1.1703175745273264,0.0,7.2629119
-276.0,114.0,-1.1790963873574725,0.0,7.2711543
-277.0,112.0,-1.1865609427285302,0.0,7.2816976
-278.0,110.0,-1.194016640504597,0.0,7.2894402000000005
-278.0,108.0,-1.2002522601905024,0.0,7.303683800000001
-279.0,108.0,-1.201462669121271,0.0,7.312265000000001
-280.0,107.0,-1.2057781782602843,0.0,7.320716399999999
-280.0,106.0,-1.2088982234055798,0.0,7.3294054
-280.0,105.0,-1.2120256565243244,0.0,7.3381362
-281.0,103.0,-1.219456102486666,10.770329614269007,7.3494491
-281.0,101.0,-1.2257449054848126,0.0,7.3610607
-282.0,99.0,-1.2331740894064644,0.0,7.372292900000001
-283.0,97.0,-1.2405893143630844,0.0,7.382189599999999
-284.0,91.0,-1.2607101426186735,0.0,7.3924995000000004
-284.0,87.0,-1.2735350183391996,0.0,7.402420500000001
-285.0,84.0,-1.284175084569444,5.830951894845301,7.4130341
-287.0,78.0,-1.3054289721934598,0.0,7.4245554
-287.0,75.0,-1.3151884646354348,0.0,7.435667400000001
-288.0,73.0,-1.322552369150651,0.0,7.4476966
-289.0,68.0,-1.3397056595989996,0.0,7.456278
-289.0,68.0,-1.3397056595989996,0.0,7.464708600000001
-290.0,64.0,-1.3535883002614535,3.1622776601683795,7.4739908
-290.0,61.0,-1.3634738925025394,0.0,7.483128100000001
-290.0,59.0,-1.3700873264534055,0.0,7.4921339
-291.0,55.0,-1.3839963969027573,0.0,7.5008533
-291.0,53.0,-1.3906404381395456,0.0,7.512157599999999
-291.0,49.0,-1.4039763417442084,0.0,7.5212055
-291.0,47.0,-1.4106671275812674,0.0,7.531479200000001
-291.0,46.0,-1.4140179896064897,0.0,7.5425756
-291.0,41.0,-1.4308241976284364,3.605551275463989,7.5531426
-291.0,40.0,-1.4341953228198048,0.0,7.5621976
-292.0,38.0,-1.4413866153992825,0.0,7.575388899999999
-292.0,34.0,-1.4548799505023797,0.0,7.586755900000001
-293.0,31.0,-1.465386433771545,0.0,7.5977334
-293.0,30.0,-1.468762813847425,0.0,7.608225699999999
-293.0,28.0,-1.475522507401596,0.0,7.6192012
-293.0,26.0,-1.482290945340199,0.0,7.629980199999999
-293.0,24.0,-1.4890675233457424,4.0,7.642884400000001
-294.0,21.0,-1.4994888620096063,0.0,7.6529696
-294.0,19.0,-1.506260221635512,0.0,7.663300500000001
-295.0,15.0,-1.519992622736675,0.0,7.672441399999999
-296.0,13.0,-1.5269056132232515,0.0,7.681803899999999
-296.0,11.0,-1.5336512577790453,0.0,7.690041399999999
-296.0,10.0,-1.5370253871899826,0.0,7.7003081
-297.0,9.0,-1.5405025668761214,0.0,7.7085733
-297.0,8.0,-1.5438668114984424,0.0,7.7181349
-297.0,7.0,-1.5472316659605376,0.0,7.726494100000001
-297.0,6.0,-1.5505970542138288,0.0,7.7347391
-298.0,2.0,-1.564085018163574,2.8284271247461903,7.744421
-298.0,1.0,-1.5674406346927467,17.46424919657298,7.7526907
-299.0,-1.0,-1.574140795930368,0.0,7.7632878
-299.0,-5.0,-1.5875171763377014,0.0,7.775640999999999
-299.0,-9.0,-1.6008875755783274,0.0,7.7865063999999995
-300.0,-11.0,-1.6074465746053082,0.0,7.796126500000001
-301.0,-14.0,-1.6172744581458995,0.0,7.8098064
-301.0,-16.0,-1.6239024921070349,0.0,7.8193174999999995
-301.0,-18.0,-1.6305258590373606,0.0,7.8306546
-301.0,-20.0,-1.6371439834078114,0.0,7.8428447
-301.0,-23.0,-1.6470600880271062,0.0,7.8545316000000005
-302.0,-27.0,-1.6599632321249316,0.0,7.8650282
-302.0,-28.0,-1.6632472568566357,0.0,7.874640500000001
-302.0,-31.0,-1.6730870643944746,0.0,7.8850413
-302.0,-32.0,-1.676362682858166,0.0,7.8931072
-302.0,-35.0,-1.6861756341928256,0.0,7.9020380999999995
-302.0,-38.0,-1.6959663170862334,2.23606797749979,7.9124282
-302.0,-40.0,-1.7024801803505343,0.0,7.9210132
-302.0,-42.0,-1.7089828232892945,0.0,7.9309696
-302.0,-43.0,-1.7122297745708934,0.0,7.9399962
-302.0,-45.0,-1.7187146147911543,0.0,7.950318500000001
-302.0,-46.0,-1.7219523760611837,0.0,7.9585053
-302.0,-48.0,-1.7284182646267847,0.0,7.9673484
-302.0,-52.0,-1.741309759608923,0.0,7.978430500000001
-302.0,-54.0,-1.7477343829525998,0.0,7.988440400000001
-302.0,-56.0,-1.7541442794572517,0.0,8.0000012
-302.0,-59.0,-1.7637304758373606,2.0,8.0115321
-302.0,-61.0,-1.77010149603586,0.0,8.022393099999999
-302.0,-64.0,-1.7796272204389363,0.0,8.0354961
-301.0,-66.0,-1.7866493702206967,0.0,8.045622300000002
-301.0,-68.0,-1.792980196682077,0.0,8.058063
-300.0,-70.0,-1.800028260071892,0.0,8.0673697
-300.0,-72.0,-1.80634130751576,0.0,8.077883700000001
-299.0,-75.0,-1.8165617718207836,0.0,8.0878321
-299.0,-77.0,-1.8228447857218097,0.0,8.0968966
-299.0,-78.0,-1.825978717415715,0.0,8.106822999999999
-298.0,-79.0,-1.8299361203373592,0.0,8.1178888
-298.0,-80.0,-1.833068863127132,0.0,8.1275054
-297.0,-84.0,-1.8464257651770275,0.0,8.137638599999999
-297.0,-85.0,-1.8495406278338442,0.0,8.148740400000001
-296.0,-87.0,-1.8566648528383813,0.0,8.161264599999999
-296.0,-88.0,-1.859771736787463,0.0,8.169912700000001
-295.0,-89.0,-1.8638073631048702,0.0,8.180977299999999
-295.0,-90.0,-1.8669114726698612,0.0,8.192460400000002
-295.0,-91.0,-1.8700097140823269,0.0,8.206333
-295.0,-92.0,-1.8731020446554694,0.0,8.223411200000001
-295.0,-93.0,-1.8761884223173784,0.0,8.239670100000001
-295.0,-94.0,-1.8792688056116016,0.0,8.255971299999999
-295.0,-95.0,-1.8823431536975845,0.0,8.271912100000002
-295.0,-97.0,-1.8884735839637976,0.0,8.3271567
-295.0,-98.0,-1.8915295875445013,1.4142135623730951,8.3356767
-295.0,-100.0,-1.8976229797248374,0.0,8.3508842
-295.0,-101.0,-1.9006602934221084,0.0,8.3597127
-295.0,-102.0,-1.9036913032817473,0.0,8.368360200000001
-295.0,-103.0,-1.9067159733905765,0.0,8.3761616
-295.0,-105.0,-1.9127461537726067,0.0,8.3857529
-295.0,-106.0,-1.9157515952863968,0.0,8.3990622
-295.0,-107.0,-1.918750559528576,0.0,8.4152205
-295.0,-108.0,-1.9217430136469758,0.0,8.4260683
-295.0,-109.0,-1.924728925398264,0.0,8.435204500000001
-295.0,-110.0,-1.9277082631465672,0.0,8.4481313
-295.0,-111.0,-1.9306809958619808,0.0,8.458309499999999
-295.0,-112.0,-1.933647093118977,0.0,8.471725
-295.0,-113.0,-1.9366065250947078,0.0,8.5510689
-294.0,-114.0,-1.9407023942514543,0.0,8.5669888
-294.0,-115.0,-1.9436557941388184,0.0,8.575318
-294.0,-116.0,-1.9466023859958177,0.0,8.583963400000002
-293.0,-117.0,-1.9507141224566882,0.0,8.5947243
-292.0,-119.0,-1.9577808229438574,2.8284271247461903,8.606500700000002
-291.0,-127.0,-1.9823050553814894,0.0,8.6222895
-289.0,-138.0,-2.0162895059434436,0.0,8.633465399999999
-287.0,-149.0,-2.0496571465384994,12.36931687685298,8.6488644
-285.0,-155.0,-2.0689130367952107,0.0,8.661144499999999
-283.0,-165.0,-2.098651043297744,11.40175425099138,8.674474
-280.0,-175.0,-2.129395642138459,0.0,8.6890203
-280.0,-179.0,-2.1396026241839037,0.0,8.703009699999999
-278.0,-187.0,-2.1629379795536288,16.278820596099706,8.7140977
-277.0,-190.0,-2.1720103829402695,0.0,8.7246235
-276.0,-193.0,-2.181035791587362,0.0,8.735964200000002
-275.0,-198.0,-2.1948193797716535,0.0,8.7467006
-274.0,-200.0,-2.201326464962248,0.0,8.756868
-273.0,-204.0,-2.2125368740269002,0.0,8.768211099999998
-273.0,-205.0,-2.2148832586025944,0.0,8.7809448
-271.0,-209.0,-2.2277390573248774,21.2602916254693,8.7969403
-271.0,-211.0,-2.232350220831004,0.0,8.8135011
-270.0,-213.0,-2.238725385280719,0.0,8.827449999999999
-270.0,-215.0,-2.243274829439742,0.0,8.842406
-270.0,-217.0,-2.2477915483378235,0.0,8.859013099999999
-269.0,-217.0,-2.2496041241391063,0.0,8.8693138
-269.0,-219.0,-2.2540917654291426,0.0,8.8796195
-268.0,-220.0,-2.258149212898506,0.0,8.8905177
-268.0,-221.0,-2.260374309687931,0.0,8.9033625
-267.0,-222.0,-2.2644284087525386,0.0,8.911560399999999
-267.0,-223.0,-2.266638761541778,0.0,8.9194703
-266.0,-224.0,-2.2706891965141405,0.0,8.927278999999999
-265.0,-225.0,-2.274742445886474,0.0,8.935287599999999
-264.0,-226.0,-2.2787983792782995,0.0,8.944902800000001
-263.0,-227.0,-2.2828568657831996,0.0,8.9513803
-263.0,-228.0,-2.285031764152606,25.45584412271571,8.959753500000001
-261.0,-230.0,-2.293141725672466,0.0,8.967576900000001
-260.0,-231.0,-2.2971998900217523,0.0,8.975321999999998
-258.0,-233.0,-2.3053219250958077,0.0,8.983266100000002
-257.0,-234.0,-2.3093855303643522,0.0,8.9919175
-256.0,-235.0,-2.3134506832458146,0.0,9.000128499999999
-254.0,-236.0,-2.3194763066763895,0.0,9.009143300000002
-252.0,-238.0,-2.327630832353585,0.0,9.019022199999998
-248.0,-241.0,-2.3418805394383533,0.0,9.0331032
-247.0,-242.0,-2.345969897632773,0.0,9.0427936
-245.0,-244.0,-2.354149503267991,21.400934559032695,9.0543896
-240.0,-246.0,-2.3685395420365696,0.0,9.0651808
-238.0,-247.0,-2.374749061656114,0.0,9.0765283
-236.0,-249.0,-2.3829921974298465,0.0,9.086622299999998
-231.0,-252.0,-2.399645385583876,0.0,9.0977782
-230.0,-253.0,-2.403777593469328,0.0,9.1082611
-226.0,-255.0,-2.416412656491568,14.422205101855956,9.1203045
-225.0,-256.0,-2.4205545427349415,0.0,9.1290823
-223.0,-258.0,-2.4288315449756515,0.0,9.138369
-220.0,-258.0,-2.435525556937165,0.0,9.146483499999999
-218.0,-260.0,-2.443835518639393,0.0,9.1563111
-217.0,-261.0,-2.4479860253445698,0.0,9.1645303
-215.0,-262.0,-2.454409957075746,0.0,9.173341700000002
-212.0,-263.0,-2.46315316142546,0.0,9.183169800000002
-210.0,-265.0,-2.471470616163297,0.0,9.192123200000001
-208.0,-265.0,-2.4761235828912156,0.0,9.2018475
-208.0,-266.0,-2.477952087982806,0.0,9.211845799999999
-204.0,-267.0,-2.489163210616672,9.055385138137417,9.224501400000001
-203.0,-268.0,-2.493332508744093,0.0,9.234485
-201.0,-268.0,-2.498091544796509,0.0,9.247184400000002
-196.0,-270.0,-2.5136778125168178,0.0,9.258839000000002
-193.0,-271.0,-2.522740790736089,0.0,9.268003499999999
-190.0,-272.0,-2.531854343200433,0.0,9.278579100000002
-186.0,-274.0,-2.545215036477681,2.23606797749979,9.290211800000002
-185.0,-274.0,-2.5477176343256205,0.0,9.300519300000001
-184.0,-275.0,-2.5519136056781386,0.0,9.311262
-180.0,-276.0,-2.5636907166275478,0.0,9.324366999999999
-179.0,-277.0,-2.5678868050745147,0.0,9.3334252
-176.0,-279.0,-2.578815984653037,0.0,9.3422704
-173.0,-280.0,-2.5881462717036303,0.0,9.351012700000002
-169.0,-282.0,-2.601694801680865,0.0,9.362200099999999
-167.0,-284.0,-2.6100224798354668,3.1622776601683795,9.370983299999999
-164.0,-285.0,-2.6194288193449196,0.0,9.381151800000001
-161.0,-287.0,-2.6303619413120036,0.0,9.3919785
-159.0,-287.0,-2.6356782812668587,0.0,9.402044199999999
-157.0,-287.0,-2.641026122804977,0.0,9.4134277
-157.0,-288.0,-2.642489240907295,0.0,9.423293399999999
-154.0,-289.0,-2.6519945872451642,0.0,9.434445799999999
-154.0,-290.0,-2.653426798010036,0.0,9.4454782
-150.0,-291.0,-2.6656505821108345,0.0,9.4573684
-149.0,-293.0,-2.6711424284341785,0.0,9.4679973
-147.0,-294.0,-2.677945044588987,6.708203932499369,9.4788638
-144.0,-296.0,-2.6888141817662574,0.0,9.4902223
-142.0,-297.0,-2.6956062515539636,0.0,9.500678
-141.0,-298.0,-2.699651268560336,0.0,9.5118094
-138.0,-299.0,-2.7091848780192556,0.0,9.522559600000001
-137.0,-300.0,-2.713208575067614,0.0,9.5348923
-136.0,-301.0,-2.7172202305566207,0.0,9.544841600000002
-135.0,-302.0,-2.7212197699195064,0.0,9.554765799999998
-133.0,-302.0,-2.7267529264709776,0.0,9.5629196
-132.0,-303.0,-2.730741462288008,0.0,9.5733784
-130.0,-304.0,-2.7374951483132133,5.656854249492381,9.5810764
-128.0,-306.0,-2.745410069110892,0.0,9.5920372
-125.0,-306.0,-2.7537830355388015,0.0,9.601669000000001
-124.0,-308.0,-2.7588491437442175,0.0,9.610848400000002
-122.0,-309.0,-2.765558018610457,0.0,9.620263999999999
-121.0,-309.0,-2.768360910320686,0.0,9.6310978
-119.0,-311.0,-2.776143699475348,0.0,9.642974899999999
-117.0,-312.0,-2.782821983319221,0.0,9.654978499999999
-115.0,-313.0,-2.7894908911213974,0.0,9.666380799999999
-114.0,-314.0,-2.793333158912682,0.0,9.680006899999999
-111.0,-316.0,-2.8037905978198663,4.47213595499958,9.693134400000002
-108.0,-318.0,-2.8141924417895665,0.0,9.706693999999999
-105.0,-320.0,-2.824536900380646,0.0,9.7214976
-103.0,-321.0,-2.8310986593761998,0.0,9.733055
-99.0,-323.0,-2.844181860855973,0.0,9.7448731
-97.0,-324.0,-2.8507022708327185,0.0,9.755137999999999
-95.0,-325.0,-2.8572078769959344,0.0,9.765615700000001
-92.0,-327.0,-2.8673366441990233,3.1622776601683795,9.7769549
-90.0,-328.0,-2.8737934164005963,0.0,9.7878437
-89.0,-329.0,-2.877399273687027,0.0,9.7995549
-85.0,-330.0,-2.889496672921719,0.0,9.8133531
-83.0,-331.0,-2.8959032585285867,0.0,9.826509399999999
-80.0,-332.0,-2.905136511389876,0.0,9.8384377
-76.0,-334.0,-2.9178572532830955,0.0,9.8524979
-72.0,-335.0,-2.929887824316074,2.8284271247461903,9.867232300000001
-69.0,-336.0,-2.9390513415594874,0.0,9.8808024
-67.0,-337.0,-2.94533864575546,0.0,9.894278199999999
-64.0,-338.0,-2.954458991206461,0.0,9.9096148
-61.0,-339.0,-2.963556861481169,0.0,9.9250935
-59.0,-339.0,-2.9692773525742817,0.0,9.938374800000002
-57.0,-340.0,-2.9754902330213358,0.0,9.950822800000001
-56.0,-340.0,-2.9783523708049557,0.0,9.9595987
-53.0,-341.0,-2.987401136507477,0.0,9.968798499999998
-51.0,-341.0,-2.993132936844329,2.8284271247461903,9.9781963
-49.0,-342.0,-2.9992862662209347,0.0,9.987838400000001
-47.0,-342.0,-3.0050212348299743,0.0,9.9995281
-46.0,-343.0,-3.008277325375198,0.0,10.0091371
-44.0,-343.0,-3.014009549739621,0.0,10.0179167
-43.0,-343.0,-3.0168788503034962,0.0,10.027082499999999
-42.0,-343.0,-3.019750216569876,0.0,10.0368724
-41.0,-343.0,-3.0226236033725606,0.0,10.04542
-38.0,-343.0,-3.0312554324049747,0.0,10.056825100000001
-36.0,-344.0,-3.037321041662138,0.0,10.066388700000001
-35.0,-344.0,-3.0401973841093977,0.0,10.076556799999999
-32.0,-345.0,-3.0491036594662564,0.0,10.0867547
-28.0,-345.0,-3.0606107273664653,4.123105625617661,10.097895099999999
-27.0,-346.0,-3.063715790394035,0.0,10.107842000000002
-25.0,-346.0,-3.0694636650624343,0.0,10.1182996
-22.0,-346.0,-3.07809431900419,0.0,10.127762400000002
-18.0,-346.0,-3.089616388020882,0.0,10.1386675
-17.0,-346.0,-3.0924991848541272,0.0,10.148689300000001
-15.0,-347.0,-3.0983918832555775,0.0,10.1592734
-13.0,-347.0,-3.1041461894151134,0.0,10.1676906
-11.0,-347.0,-3.1099029776347624,0.0,10.1784502
-10.0,-347.0,-3.112782183744527,0.0,10.1864472
-9.0,-347.0,-3.1156618677321486,0.0,10.196396100000001
-8.0,-347.0,-3.1185419819454916,2.0,10.204799300000001
-6.0,-348.0,-3.1243529823952634,0.0,10.2135551
-4.0,-348.0,-3.1300989068747627,0.0,10.2237845
-2.0,-348.0,-3.1358455904265896,0.0,10.2322135
-1.0,-348.0,-3.1387190982807174,0.0,10.241386299999998
2.0,-348.0,3.1358455904265896,0.0,10.2506923
5.0,-348.0,3.1272258260446497,0.0,10.2614926
10.0,-348.0,3.1128649268435638,0.0,10.2740024
12.0,-348.0,3.107123552590285,0.0,10.2853785
15.0,-348.0,3.0985158696660315,3.1622776601683795,10.294892
21.0,-349.0,3.0814931971512407,0.0,10.3069721
24.0,-349.0,3.0729328404588943,0.0,10.31802
30.0,-349.0,3.05584355658444,0.0,10.329548800000001
32.0,-349.0,3.050157773002485,0.0,10.3403326
36.0,-349.0,3.038804328859642,2.0,10.3525067
36.0,-349.0,3.038804328859642,0.0,10.3619417
41.0,-349.0,3.024650160060466,0.0,10.370729399999998
44.0,-349.0,3.0161798315109443,0.0,10.3795103
48.0,-349.0,3.0049143392427027,0.0,10.388907799999998
50.0,-349.0,2.9992944758623374,0.0,10.398317899999999
56.0,-349.0,2.9824904141172577,0.0,10.4081953
56.0,-349.0,2.9824904141172577,0.0,10.415736299999999
60.0,-349.0,2.971337242480725,4.0,10.424815299999999
62.0,-348.0,2.9652816491001177,0.0,10.4333469
64.0,-348.0,2.959716911862339,0.0,10.441811600000001
66.0,-347.0,2.9536360138595463,0.0,10.451542700000001
70.0,-347.0,2.942535045408835,0.0,10.461029
77.0,-346.0,2.922617710173382,0.0,10.472456600000001
81.0,-346.0,2.9116299266181014,3.0,10.4818465
85.0,-346.0,2.9006983789146004,0.0,10.492933700000002
95.0,-345.0,2.872889628954622,0.0,10.504425399999999
100.0,-345.0,2.859468921447078,0.0,10.517406300000001
105.0,-345.0,2.8461518164460733,5.385164807134504,10.5279661
114.0,-344.0,2.8215872981194337,0.0,10.5414727
121.0,-343.0,2.8024525479038203,0.0,10.5527017
124.0,-342.0,2.793761057902399,0.0,10.5655593
129.0,-341.0,2.779932745772863,7.615773105863909,10.5761671
131.0,-341.0,2.7748119015123347,0.0,10.5860026
133.0,-340.0,2.7687158334195314,0.0,10.596325400000001
135.0,-339.0,2.7626129928484904,0.0,10.605055400000001
137.0,-339.0,2.757531187340927,0.0,10.6147895
139.0,-338.0,2.751432104876575,0.0,10.6213898
141.0,-338.0,2.746381454099577,0.0,10.628546199999999
142.0,-337.0,2.7428049207562313,0.0,10.637357399999999
144.0,-337.0,2.7377757504450275,0.0,10.643744900000002
146.0,-336.0,2.7316829882734233,5.830951894845301,10.651634000000001
148.0,-336.0,2.7266868958989186,0.0,10.659859999999998
149.0,-335.0,2.7230913924197484,0.0,10.667496100000001
151.0,-334.0,2.7169972190793565,0.0,10.676993200000002
153.0,-334.0,2.712036581315628,0.0,10.6880007
156.0,-332.0,2.7023304537617054,0.0,10.699766499999999
158.0,-331.0,2.696235687545807,0.0,10.710900899999999
161.0,-331.0,2.68888021015837,0.0,10.722191599999999
163.0,-330.0,2.6828052736341657,0.0,10.732486300000001
164.0,-330.0,2.6803722242886607,0.0,10.743400699999999
167.0,-329.0,2.6718845127306765,0.0,10.752092600000001
169.0,-328.0,2.665824426046897,6.4031242374328485,10.763929099999999
170.0,-327.0,2.6621696543267985,0.0,10.7739021
172.0,-327.0,2.657366835980682,0.0,10.7831996
174.0,-326.0,2.6513169574009443,0.0,10.791751300000001
177.0,-324.0,2.6415974235699666,0.0,10.799897999999999
179.0,-323.0,2.635546226663047,0.0,10.809127100000001
180.0,-322.0,2.6318611905635034,0.0,10.8171319
181.0,-322.0,2.629498135019508,0.0,10.826390100000001
183.0,-320.0,2.6221100656009213,0.0,10.833381800000002
184.0,-320.0,2.6197583737753827,0.0,10.841588900000001
186.0,-318.0,2.6123458727579485,0.0,10.850995900000001
188.0,-317.0,2.606291768457578,3.605551275463989,10.858279800000002
189.0,-316.0,2.602570450965953,0.0,10.8673882
192.0,-314.0,2.5927856519692805,0.0,10.8754685
194.0,-313.0,2.5867354048323006,0.0,10.885688600000002
195.0,-312.0,2.5829933382462307,0.0,10.8935049
199.0,-309.0,2.5694377797907513,0.0,10.905643600000001
199.0,-309.0,2.5694377797907513,0.0,10.913091900000001
202.0,-307.0,2.5596277125258347,0.0,10.921183500000001
203.0,-306.0,2.555855907191689,0.0,10.9316779
204.0,-306.0,2.5535900500422257,0.0,10.9397469
204.0,-305.0,2.552078335396361,0.0,10.9495106
206.0,-304.0,2.546037323566632,1.0,10.958601900000001
207.0,-303.0,2.542252667341349,0.0,10.967764599999999
207.0,-303.0,2.542252667341349,0.0,10.9774834
209.0,-301.0,2.534667252167052,0.0,10.985210599999998
211.0,-300.0,2.528633054317945,0.0,10.9932291
213.0,-299.0,2.52260979137546,0.0,10.999966700000002
214.0,-298.0,2.5188083187902937,0.0,11.008091400000001
216.0,-297.0,2.5127963671743605,0.0,11.015588099999999
217.0,-296.0,2.508990295809354,0.0,11.023929500000001
219.0,-294.0,2.5013648555280192,0.0,11.032212999999999
220.0,-294.0,2.499180868984371,0.0,11.0391853
221.0,-292.0,2.4937223754386575,0.0,11.047424200000002
223.0,-291.0,2.487726395006528,2.23606797749979,11.055633
224.0,-290.0,2.48390035778865,0.0,11.0640289
226.0,-289.0,2.477919799191871,0.0,11.072007500000002
229.0,-286.0,2.466425453932551,0.0,11.0798023
231.0,-285.0,2.4604661021200003,0.0,11.087606300000001
233.0,-283.0,2.4527921350633854,0.0,11.0991557
235.0,-281.0,2.4451067384872545,0.0,11.109142599999998
238.0,-278.0,2.433559149620318,0.0,11.1205122
241.0,-277.0,2.4255809913690287,3.605551275463989,11.1298077
242.0,-275.0,2.419937802725032,0.0,11.141230400000001
244.0,-273.0,2.4122286140263696,0.0,11.151057300000002
248.0,-270.0,2.398640023992305,0.0,11.162326
249.0,-269.0,2.3947853601649967,0.0,11.172048
253.0,-266.0,2.3812374232229643,0.0,11.1872219
256.0,-263.0,2.369681148352218,0.0,11.1980705
258.0,-262.0,2.3638866461679937,5.0,11.2064706
260.0,-259.0,2.354267710303123,0.0,11.2150985
267.0,-254.0,2.331247651304122,0.0,11.2245879
268.0,-253.0,2.327411654274903,0.0,11.232712800000002
271.0,-251.0,2.31789904554973,0.0,11.242911200000002
273.0,-249.0,2.310249834384225,0.0,11.250926799999998
274.0,-248.0,2.306427189442278,5.656854249492381,11.260416
276.0,-246.0,2.298786375555545,0.0,11.2686073
277.0,-245.0,2.2949684277223708,0.0,11.2775623
279.0,-244.0,2.2893725193153722,0.0,11.2866422
281.0,-242.0,2.2817624601100857,0.0,11.296993
281.0,-242.0,2.2817624601100857,0.0,11.307915999999999
283.0,-240.0,2.2741610280675753,0.0,11.318712900000001
285.0,-239.0,2.2686326997920716,0.0,11.3292435
285.0,-237.0,2.264498333932482,0.0,11.3385897
287.0,-237.0,2.261062668577761,0.0,11.348993499999999
287.0,-235.0,2.2569052003536973,0.0,11.359123100000001
290.0,-233.0,2.24763634234191,0.0,11.370205299999999
291.0,-233.0,2.245956204896747,4.242640687119285,11.380656300000002
293.0,-231.0,2.2384214410287804,0.0,11.3930084
293.0,-229.0,2.234197981838619,0.0,11.402235099999999
295.0,-228.0,2.228781401203124,0.0,11.411905
295.0,-227.0,2.226655753198768,0.0,11.422737999999999
298.0,-224.0,2.215370396549824,0.0,11.432285499999999
299.0,-222.0,2.209463960876872,0.0,11.4407322
301.0,-220.0,2.201959005953523,0.0,11.4500554
302.0,-218.0,2.1960395290702794,0.0,11.458312800000002
304.0,-216.0,2.1885520523611293,0.0,11.4673725
306.0,-213.0,2.178885514170347,6.708203932499369,11.476174700000001
308.0,-210.0,2.169215220273434,0.0,11.485128199999998
310.0,-208.0,2.161770689796293,0.0,11.494969399999999
315.0,-202.0,2.141009850775544,0.0,11.5048496
317.0,-200.0,2.1336376981409186,0.0,11.515973599999999
319.0,-197.0,2.124023909809339,5.656854249492381,11.5257337
323.0,-191.0,2.1048173769076297,0.0,11.5376914
325.0,-188.0,2.0952281532954777,0.0,11.548819600000002
327.0,-184.0,2.0833309671278433,0.0,11.5591695
331.0,-178.0,2.0641970578143676,7.0710678118654755,11.5689265
331.0,-177.0,2.0618506593473263,0.0,11.5798579
333.0,-175.0,2.0546552141875827,0.0,11.588729400000002
336.0,-171.0,2.0415612533369125,0.0,11.600339300000002
337.0,-168.0,2.0332562878980416,0.0,11.6096961
338.0,-166.0,2.02731816566927,0.0,11.6196369
340.0,-164.0,2.020226884266214,0.0,11.629122299999999
344.0,-157.0,1.998955882632029,7.211102550927978,11.6396394
345.0,-153.0,1.9882135540473607,0.0,11.648309999999999
347.0,-150.0,1.9788141883432455,0.0,11.6584006
349.0,-146.0,1.967010788355759,0.0,11.6670105
352.0,-140.0,1.9493419221063897,7.615773105863909,11.677481199999999
354.0,-136.0,1.9375915161783528,0.0,11.687879899999999
361.0,-124.0,1.9016601334505578,0.0,11.6981487
364.0,-119.0,1.886766598747877,5.830951894845301,11.706639899999999
367.0,-114.0,1.8719736525885127,0.0,11.7174279
370.0,-108.0,1.8547979910023196,0.0,11.729660200000001
372.0,-103.0,1.8409111151980313,0.0,11.740118899999999
374.0,-100.0,1.8320642758482906,3.1622776601683795,11.7485976
374.0,-98.0,1.827066856268074,0.0,11.7583622
377.0,-94.0,1.8151507702774932,0.0,11.768837399999999
378.0,-91.0,1.807041587513334,0.0,11.7798509
379.0,-89.0,1.801445752660406,0.0,11.7897878
380.0,-87.0,1.7958647401214636,0.0,11.7998248
382.0,-82.0,1.7822471859230389,0.0,11.810598599999999
382.0,-81.0,1.7797433567492613,0.0,11.821693400000001
383.0,-79.0,1.774209868156936,0.0,11.831157300000001
385.0,-75.0,1.763191928310819,4.123105625617661,11.8419299
385.0,-73.0,1.7581822109500052,0.0,11.8521295
386.0,-71.0,1.7527008720248485,0.0,11.861015900000002
387.0,-70.0,1.7497401156716215,0.0,11.869958400000002
388.0,-65.0,1.7367807750136708,0.0,11.879690400000001
389.0,-64.0,1.7338599363387348,0.0,11.8893931
390.0,-62.0,1.7284513892748232,0.0,11.8983782
390.0,-60.0,1.7234456551901618,0.0,11.9082003
390.0,-59.0,1.7209398778595266,0.0,11.9179693
392.0,-55.0,1.7101924934368242,2.8284271247461903,11.930188999999999
393.0,-52.0,1.7023476927306214,0.0,11.9398877
393.0,-50.0,1.6973429271001677,0.0,11.9514153
395.0,-46.0,1.686729811141884,0.0,11.9623131
395.0,-44.0,1.6817314029213528,0.0,11.9732208
396.0,-41.0,1.6739640902239057,0.0,11.983036899999998
398.0,-36.0,1.6610031102658884,0.0,11.994482600000001
398.0,-32.0,1.651025753268794,5.0,12.0070634
398.0,-27.0,1.6385317403324178,0.0,12.017641999999999
399.0,-24.0,1.6308743170962838,0.0,12.027111099999999
399.0,-22.0,1.6258783967509713,0.0,12.036320199999999
400.0,-18.0,1.6157659886472242,0.0,12.045102199999999
400.0,-15.0,1.608278763486558,0.0,12.0551405
401.0,-10.0,1.5957288151179472,4.47213595499958,12.0637893
401.0,-5.0,1.5832645086021755,0.0,12.0741217
402.0,-1.0,1.5732838838529872,0.0,12.082763100000001
402.0,2.0,1.5658212434640426,0.0,12.095355699999999
402.0,7.0,1.5533851510786167,0.0,12.1046768
402.0,10.0,1.5459258339832915,0.0,12.114953
402.0,13.0,1.5384692840391732,3.605551275463989,12.1239575
402.0,16.0,1.5310163283238698,0.0,12.1342925
402.0,18.0,1.5260500953402811,0.0,12.143301300000001
402.0,23.0,1.5136447027905642,0.0,12.153084
402.0,24.0,1.5111656136637273,0.0,12.1644349
402.0,28.0,1.501256894113603,0.0,12.176094500000001
402.0,30.0,1.4963075365810148,0.0,12.188393000000001
402.0,32.0,1.4913618324601012,0.0,12.199385200000002
402.0,36.0,1.4814823338016745,2.8284271247461903,12.209275300000002
402.0,38.0,1.4765490110376849,0.0,12.2189044
402.0,42.0,1.4666963886852973,0.0,12.2289529
402.0,45.0,1.4593201049851183,0.0,12.2387193
402.0,47.0,1.4544092911096567,0.0,12.247203599999999
402.0,50.0,1.4470537020429919,0.0,12.256034799999998
402.0,51.0,1.4446047870218721,0.0,12.2659506
402.0,52.0,1.4421573927265363,0.0,12.2797661
